parameter,value,method,rmse_m,mean_error_m,p90_error_m,fitness_evaluations,runtime_ms,memory_floats,trials
noise_sigma,0.1,pso,7.856,5.486,14.378,1200,3.192,120,200
noise_sigma,0.1,std,5.878,2.646,11.769,1220,3.843,183,200
noise_sigma,0.1,lsq,1.172,0.984,1.967,0,0.204,15,200
noise_sigma,0.1,lsq_gn,0.621,0.426,1.003,7,3.742,15,200
noise_sigma,0.25,pso,8.070,5.839,14.458,1200,3.921,120,200
noise_sigma,0.25,std,6.059,3.167,11.791,1220,4.034,183,200
noise_sigma,0.25,lsq,2.931,2.461,4.920,0,0.052,15,200
noise_sigma,0.25,lsq_gn,1.935,1.225,2.624,8,0.578,15,200
noise_sigma,0.5,pso,8.379,6.253,14.651,1200,3.240,120,200
noise_sigma,0.5,std,6.533,3.983,12.931,1220,15.474,183,200
noise_sigma,0.5,lsq,5.860,4.920,9.850,0,0.082,15,200
noise_sigma,0.5,lsq_gn,4.174,2.678,6.526,8,0.771,15,200
noise_sigma,1.0,pso,8.555,6.705,14.687,1200,4.246,120,200
noise_sigma,1.0,std,6.978,4.921,13.205,1220,3.825,183,200
noise_sigma,1.0,lsq,11.717,9.834,19.716,0,0.038,15,200
noise_sigma,1.0,lsq_gn,7.366,4.971,10.590,9,0.622,15,200
noise_sigma,2.0,pso,9.324,7.750,15.231,1200,2.950,120,200
noise_sigma,2.0,std,7.772,6.126,14.203,1220,14.231,183,200
noise_sigma,2.0,lsq,23.424,19.648,39.043,0,0.053,15,200
noise_sigma,2.0,lsq_gn,11.187,8.374,18.656,9,0.641,15,200
n_anchors,4.0,pso,8.379,6.253,14.651,1200,3.342,120,200
n_anchors,4.0,std,6.533,3.983,12.931,1220,4.131,183,200
n_anchors,4.0,lsq,5.860,4.920,9.850,0,0.052,15,200
n_anchors,4.0,lsq_gn,4.174,2.678,6.526,8,1.035,15,200
n_anchors,5.0,pso,7.693,5.282,14.577,1200,7.396,120,200
n_anchors,5.0,std,5.683,3.110,8.000,1220,10.051,183,200
n_anchors,5.0,lsq,4.204,3.264,7.038,0,0.118,18,200
n_anchors,5.0,lsq_gn,2.828,1.730,4.014,8,1.666,18,200
n_anchors,6.0,pso,6.424,4.247,12.296,1200,6.579,120,200
n_anchors,6.0,std,3.051,1.558,2.609,1220,27.407,183,200
n_anchors,6.0,lsq,3.066,2.333,4.869,0,0.291,21,200
n_anchors,6.0,lsq_gn,2.124,1.436,2.825,8,1.691,21,200
n_anchors,8.0,pso,5.804,3.806,10.445,1200,11.915,120,200
n_anchors,8.0,std,2.698,1.276,1.544,1220,5.419,183,200
n_anchors,8.0,lsq,2.136,1.672,3.140,0,0.035,27,200
n_anchors,8.0,lsq_gn,1.147,0.892,1.876,8,0.381,27,200
n_anchors,10.0,pso,4.947,3.026,8.056,1200,3.365,120,200
n_anchors,10.0,std,2.372,1.055,1.695,1220,6.942,183,200
n_anchors,10.0,lsq,1.609,1.369,2.627,0,0.534,33,200
n_anchors,10.0,lsq_gn,0.835,0.705,1.302,8,3.602,33,200
n_particles,5.0,pso,10.205,8.179,17.581,300,3.791,30,200
n_particles,5.0,std,7.081,4.974,14.115,305,2.189,48,200
n_particles,10.0,pso,9.136,7.091,16.950,600,1.700,60,200
n_particles,10.0,std,6.785,4.317,13.589,610,2.101,93,200
n_particles,20.0,pso,8.379,6.253,14.651,1200,1.765,120,200
n_particles,20.0,std,6.533,3.983,12.931,1220,2.269,183,200
n_particles,40.0,pso,7.027,4.794,14.312,2400,2.359,240,200
n_particles,40.0,std,6.133,3.833,11.786,2440,3.050,363,200
n_particles,80.0,pso,6.370,4.282,12.064,4800,2.996,480,200
n_particles,80.0,std,5.160,3.044,7.228,4880,10.834,723,200
n_iterations,10.0,pso,8.755,7.088,14.441,200,0.342,120,200
n_iterations,10.0,std,7.064,4.948,11.984,220,0.462,183,200
n_iterations,20.0,pso,8.532,6.574,14.698,400,0.942,120,200
n_iterations,20.0,std,6.790,4.391,12.320,420,0.998,183,200
n_iterations,30.0,pso,8.383,6.275,14.653,600,1.172,120,200
n_iterations,30.0,std,6.616,4.104,13.046,620,1.059,183,200
n_iterations,60.0,pso,8.379,6.253,14.651,1200,1.401,120,200
n_iterations,60.0,std,6.533,3.983,12.931,1220,2.362,183,200
n_iterations,120.0,pso,8.381,6.254,14.653,2400,6.872,120,200
n_iterations,120.0,std,6.505,3.951,12.934,2420,4.361,183,200
