parameter,value,method,rmse_m,mean_error_m,p90_error_m,fitness_evaluations,runtime_ms,memory_floats,trials,crlb_rmse_m,iterations_mean
noise_sigma,0.1,pso,7.856,5.486,14.378,1200,7.012,120,200,0.503,60.0
noise_sigma,0.1,std,5.878,2.646,11.769,1220,17.259,183,200,0.503,60.0
noise_sigma,0.1,lsq,1.172,0.984,1.967,0,0.262,15,200,0.487,0.0
noise_sigma,0.1,lsq_gn,0.621,0.426,1.003,7,0.841,15,200,0.487,7.0
noise_sigma,0.1,amcmpso,5.289,2.215,8.585,1220,16.096,186,200,0.503,60.0
noise_sigma,0.1,std_tol,6.105,2.872,11.901,919,3.706,183,200,0.503,45.0
noise_sigma,0.1,std_ws,0.592,0.421,1.048,1220,7.381,183,200,0.503,60.0
noise_sigma,0.1,amcmpso_ws,0.592,0.421,1.048,1220,9.598,186,200,0.503,60.0
noise_sigma,0.25,pso,8.070,5.839,14.458,1200,3.010,120,200,1.256,60.0
noise_sigma,0.25,std,6.059,3.167,11.791,1220,8.729,183,200,1.256,60.0
noise_sigma,0.25,lsq,2.931,2.461,4.920,0,0.098,15,200,1.218,0.0
noise_sigma,0.25,lsq_gn,1.935,1.225,2.624,8,0.602,15,200,1.218,7.8
noise_sigma,0.25,amcmpso,5.365,2.648,8.482,1220,13.881,186,200,1.256,60.0
noise_sigma,0.25,std_tol,6.300,3.372,12.159,871,7.032,183,200,1.256,42.5
noise_sigma,0.25,std_ws,1.336,0.986,2.362,1220,5.120,183,200,1.256,60.0
noise_sigma,0.25,amcmpso_ws,1.335,0.985,2.361,1220,12.595,186,200,1.256,60.0
noise_sigma,0.5,pso,8.379,6.253,14.651,1200,14.471,120,200,2.513,60.0
noise_sigma,0.5,std,6.533,3.983,12.931,1220,6.130,183,200,2.513,60.0
noise_sigma,0.5,lsq,5.860,4.920,9.850,0,0.074,15,200,2.435,0.0
noise_sigma,0.5,lsq_gn,4.174,2.678,6.526,8,0.350,15,200,2.435,8.3
noise_sigma,0.5,amcmpso,5.468,3.202,8.414,1220,7.378,186,200,2.513,60.0
noise_sigma,0.5,std_tol,6.736,4.157,13.415,781,7.613,183,200,2.513,38.1
noise_sigma,0.5,std_ws,3.192,2.112,4.655,1220,4.345,183,200,2.513,60.0
noise_sigma,0.5,amcmpso_ws,3.192,2.112,4.655,1220,4.663,186,200,2.513,60.0
noise_sigma,1.0,pso,8.555,6.705,14.687,1200,1.396,120,200,5.026,60.0
noise_sigma,1.0,std,6.978,4.921,13.205,1220,1.867,183,200,5.026,60.0
noise_sigma,1.0,lsq,11.717,9.834,19.716,0,0.031,15,200,4.870,0.0
noise_sigma,1.0,lsq_gn,7.366,4.971,10.590,9,0.292,15,200,4.870,8.8
noise_sigma,1.0,amcmpso,5.858,4.080,10.528,1220,3.474,186,200,5.026,60.0
noise_sigma,1.0,std_tol,7.136,5.041,13.431,723,1.244,183,200,5.026,35.2
noise_sigma,1.0,std_ws,6.177,4.370,11.980,1220,2.364,183,200,5.026,60.0
noise_sigma,1.0,amcmpso_ws,6.219,4.390,11.979,1220,3.939,186,200,5.026,60.0
noise_sigma,2.0,pso,9.324,7.750,15.231,1200,2.273,120,200,10.051,60.0
noise_sigma,2.0,std,7.772,6.126,14.203,1220,2.012,183,200,10.051,60.0
noise_sigma,2.0,lsq,23.424,19.648,39.043,0,0.031,15,200,9.740,0.0
noise_sigma,2.0,lsq_gn,11.187,8.374,18.656,9,0.286,15,200,9.740,9.1
noise_sigma,2.0,amcmpso,7.246,5.780,12.873,1220,3.553,186,200,10.051,60.0
noise_sigma,2.0,std_tol,7.857,6.185,14.278,630,1.044,183,200,10.051,30.5
noise_sigma,2.0,std_ws,7.502,5.956,13.863,1220,2.315,183,200,10.051,60.0
noise_sigma,2.0,amcmpso_ws,7.598,5.989,14.120,1220,3.733,186,200,10.051,60.0
n_anchors,4.0,pso,8.379,6.253,14.651,1200,1.430,120,200,2.513,60.0
n_anchors,4.0,std,6.533,3.983,12.931,1220,1.905,183,200,2.513,60.0
n_anchors,4.0,lsq,5.860,4.920,9.850,0,0.033,15,200,2.435,0.0
n_anchors,4.0,lsq_gn,4.174,2.678,6.526,8,0.259,15,200,2.435,8.3
n_anchors,4.0,amcmpso,5.468,3.202,8.414,1220,5.175,186,200,2.513,60.0
n_anchors,4.0,std_tol,6.736,4.157,13.415,781,1.797,183,200,2.513,38.1
n_anchors,4.0,std_ws,3.192,2.112,4.655,1220,3.421,183,200,2.513,60.0
n_anchors,4.0,amcmpso_ws,3.192,2.112,4.655,1220,8.423,186,200,2.513,60.0
n_anchors,5.0,pso,7.693,5.282,14.577,1200,1.589,120,200,1.646,60.0
n_anchors,5.0,std,5.683,3.110,8.000,1220,2.107,183,200,1.646,60.0
n_anchors,5.0,lsq,4.204,3.264,7.038,0,0.032,18,200,1.627,0.0
n_anchors,5.0,lsq_gn,2.828,1.730,4.014,8,0.258,18,200,1.627,8.1
n_anchors,5.0,amcmpso,4.063,2.250,4.675,1220,4.522,186,200,1.646,60.0
n_anchors,5.0,std_tol,5.720,3.137,8.474,751,1.286,183,200,1.646,36.5
n_anchors,5.0,std_ws,2.696,1.673,3.666,1220,2.284,183,200,1.646,60.0
n_anchors,5.0,amcmpso_ws,2.696,1.673,3.666,1220,8.653,186,200,1.646,60.0
n_anchors,6.0,pso,6.424,4.247,12.296,1200,1.456,120,200,1.349,60.0
n_anchors,6.0,std,3.051,1.558,2.609,1220,1.992,183,200,1.349,60.0
n_anchors,6.0,lsq,3.066,2.333,4.869,0,0.032,21,200,1.391,0.0
n_anchors,6.0,lsq_gn,2.124,1.436,2.825,8,0.264,21,200,1.391,8.3
n_anchors,6.0,amcmpso,2.397,1.329,2.394,1220,3.418,186,200,1.349,60.0
n_anchors,6.0,std_tol,3.245,1.699,2.919,731,1.251,183,200,1.349,35.5
n_anchors,6.0,std_ws,1.765,1.153,2.081,1220,2.745,183,200,1.349,60.0
n_anchors,6.0,amcmpso_ws,1.756,1.140,2.082,1220,3.748,186,200,1.349,60.0
n_anchors,8.0,pso,5.804,3.806,10.445,1200,1.560,120,200,1.004,60.0
n_anchors,8.0,std,2.698,1.276,1.544,1220,2.035,183,200,1.004,60.0
n_anchors,8.0,lsq,2.136,1.672,3.140,0,0.035,27,200,0.956,0.0
n_anchors,8.0,lsq_gn,1.147,0.892,1.876,8,0.259,27,200,0.956,8.1
n_anchors,8.0,amcmpso,2.565,1.241,1.676,1220,3.540,186,200,1.004,60.0
n_anchors,8.0,std_tol,2.746,1.329,1.946,725,1.293,183,200,1.004,35.2
n_anchors,8.0,std_ws,1.043,0.809,1.319,1220,2.534,183,200,1.004,60.0
n_anchors,8.0,amcmpso_ws,0.995,0.793,1.290,1220,3.867,186,200,1.004,60.0
n_anchors,10.0,pso,4.947,3.026,8.056,1200,1.671,120,200,0.788,60.0
n_anchors,10.0,std,2.372,1.055,1.695,1220,2.189,183,200,0.788,60.0
n_anchors,10.0,lsq,1.609,1.369,2.627,0,0.032,33,200,0.827,0.0
n_anchors,10.0,lsq_gn,0.835,0.705,1.302,8,0.346,33,200,0.827,7.9
n_anchors,10.0,amcmpso,1.605,0.865,1.439,1220,3.631,186,200,0.788,60.0
n_anchors,10.0,std_tol,2.381,1.073,1.778,703,1.313,183,200,0.788,34.2
n_anchors,10.0,std_ws,0.794,0.674,1.286,1220,7.973,183,200,0.788,60.0
n_anchors,10.0,amcmpso_ws,0.794,0.674,1.286,1220,3.940,186,200,0.788,60.0
n_particles,5.0,pso,10.205,8.179,17.581,300,1.179,30,200,2.513,60.0
n_particles,5.0,std,7.081,4.974,14.115,305,1.673,48,200,2.513,60.0
n_particles,5.0,amcmpso,6.718,4.683,11.935,305,2.951,51,200,2.513,60.0
n_particles,5.0,std_tol,7.244,5.147,14.115,204,1.196,48,200,2.513,39.8
n_particles,5.0,std_ws,3.217,2.141,4.747,305,1.969,48,200,2.513,60.0
n_particles,5.0,amcmpso_ws,3.204,2.129,4.655,305,3.321,51,200,2.513,60.0
n_particles,10.0,pso,9.136,7.091,16.950,600,1.241,60,200,2.513,60.0
n_particles,10.0,std,6.785,4.317,13.589,610,1.781,93,200,2.513,60.0
n_particles,10.0,amcmpso,5.971,3.581,10.186,610,3.134,96,200,2.513,60.0
n_particles,10.0,std_tol,6.818,4.394,13.556,413,1.247,93,200,2.513,40.3
n_particles,10.0,std_ws,3.199,2.117,4.655,610,2.143,93,200,2.513,60.0
n_particles,10.0,amcmpso_ws,3.195,2.122,4.655,610,3.485,96,200,2.513,60.0
n_particles,20.0,pso,8.379,6.253,14.651,1200,1.415,120,200,2.513,60.0
n_particles,20.0,std,6.533,3.983,12.931,1220,1.894,183,200,2.513,60.0
n_particles,20.0,amcmpso,5.468,3.202,8.414,1220,3.384,186,200,2.513,60.0
n_particles,20.0,std_tol,6.736,4.157,13.415,781,1.267,183,200,2.513,38.1
n_particles,20.0,std_ws,3.192,2.112,4.655,1220,2.265,183,200,2.513,60.0
n_particles,20.0,amcmpso_ws,3.192,2.112,4.655,1220,3.664,186,200,2.513,60.0
n_particles,40.0,pso,7.027,4.794,14.312,2400,1.599,240,200,2.513,60.0
n_particles,40.0,std,6.133,3.833,11.786,2440,2.168,363,200,2.513,60.0
n_particles,40.0,amcmpso,5.946,3.567,11.971,2440,3.679,366,200,2.513,60.0
n_particles,40.0,std_tol,6.201,3.880,11.784,1471,3.153,363,200,2.513,35.8
n_particles,40.0,std_ws,3.192,2.112,4.655,2440,2.793,363,200,2.513,60.0
n_particles,40.0,amcmpso_ws,3.209,2.132,4.750,2440,4.162,366,200,2.513,60.0
n_particles,80.0,pso,6.370,4.282,12.064,4800,2.100,480,200,2.513,60.0
n_particles,80.0,std,5.160,3.044,7.228,4880,2.838,723,200,2.513,60.0
n_particles,80.0,amcmpso,4.651,2.782,6.566,4880,4.606,726,200,2.513,60.0
n_particles,80.0,std_tol,5.243,3.120,7.443,2830,1.679,723,200,2.513,34.4
n_particles,80.0,std_ws,3.192,2.112,4.655,4880,10.839,723,200,2.513,60.0
n_particles,80.0,amcmpso_ws,3.192,2.112,4.655,4880,11.737,726,200,2.513,60.0
n_iterations,10.0,pso,8.755,7.088,14.441,200,0.574,120,200,2.513,10.0
n_iterations,10.0,std,7.064,4.948,11.984,220,1.047,183,200,2.513,10.0
n_iterations,10.0,amcmpso,6.411,4.589,10.701,220,1.543,186,200,2.513,10.0
n_iterations,10.0,std_tol,7.064,4.948,11.984,220,1.903,183,200,2.513,10.0
n_iterations,10.0,std_ws,3.255,2.186,4.771,220,6.802,183,200,2.513,10.0
n_iterations,10.0,amcmpso_ws,3.229,2.160,4.766,220,6.628,186,200,2.513,10.0
n_iterations,20.0,pso,8.532,6.574,14.698,400,1.057,120,200,2.513,20.0
n_iterations,20.0,std,6.790,4.391,12.320,420,1.251,183,200,2.513,20.0
n_iterations,20.0,amcmpso,5.886,3.763,8.959,420,2.903,186,200,2.513,20.0
n_iterations,20.0,std_tol,6.810,4.419,12.320,413,1.630,183,200,2.513,19.7
n_iterations,20.0,std_ws,3.187,2.108,4.655,420,7.030,183,200,2.513,20.0
n_iterations,20.0,amcmpso_ws,3.197,2.120,4.655,420,3.363,186,200,2.513,20.0
n_iterations,30.0,pso,8.383,6.275,14.653,600,1.651,120,200,2.513,30.0
n_iterations,30.0,std,6.616,4.104,13.046,620,2.506,183,200,2.513,30.0
n_iterations,30.0,amcmpso,6.102,3.663,11.671,620,4.801,186,200,2.513,30.0
n_iterations,30.0,std_tol,6.785,4.227,13.437,581,11.319,183,200,2.513,28.0
n_iterations,30.0,std_ws,3.189,2.110,4.655,620,5.055,183,200,2.513,30.0
n_iterations,30.0,amcmpso_ws,3.179,2.092,4.655,620,5.225,186,200,2.513,30.0
n_iterations,60.0,pso,8.379,6.253,14.651,1200,2.006,120,200,2.513,60.0
n_iterations,60.0,std,6.533,3.983,12.931,1220,2.903,183,200,2.513,60.0
n_iterations,60.0,amcmpso,5.468,3.202,8.414,1220,4.788,186,200,2.513,60.0
n_iterations,60.0,std_tol,6.736,4.157,13.415,781,2.732,183,200,2.513,38.1
n_iterations,60.0,std_ws,3.192,2.112,4.655,1220,2.749,183,200,2.513,60.0
n_iterations,60.0,amcmpso_ws,3.192,2.112,4.655,1220,3.848,186,200,2.513,60.0
n_iterations,120.0,pso,8.381,6.254,14.653,2400,2.695,120,200,2.513,120.0
n_iterations,120.0,std,6.505,3.951,12.934,2420,3.735,183,200,2.513,120.0
n_iterations,120.0,amcmpso,5.410,3.202,9.510,2420,9.396,186,200,2.513,120.0
n_iterations,120.0,std_tol,6.736,4.158,13.415,793,10.786,183,200,2.513,38.6
n_iterations,120.0,std_ws,3.192,2.112,4.655,2420,4.925,183,200,2.513,120.0
n_iterations,120.0,amcmpso_ws,3.192,2.112,4.655,2420,9.797,186,200,2.513,120.0
