node,x,y,z,settled,round,refs_used,x_hat,y_hat,z_hat,error_m
0,51.607,11.587,18.705,1,1,6,51.739,11.591,18.727,0.134
1,77.668,61.300,27.519,1,1,4,82.996,60.503,0.000,28.041
2,3.959,52.859,13.780,1,1,5,3.808,52.826,14.461,0.699
3,6.235,64.133,25.579,1,1,4,6.548,64.691,25.633,0.642
4,59.294,26.010,25.196,1,1,6,59.838,25.456,25.533,0.846
5,50.950,51.089,22.591,1,1,6,51.167,51.170,23.662,1.096
6,14.792,81.963,20.499,1,1,4,14.715,81.898,20.938,0.451
7,78.710,19.162,24.071,1,2,6,79.530,19.307,22.506,1.773
8,19.132,8.155,25.657,1,1,4,18.797,8.427,27.099,1.506
9,86.128,87.654,14.157,1,2,6,85.535,88.280,12.797,1.610
10,27.405,0.709,19.372,1,1,4,28.716,0.473,20.966,2.077
11,71.991,83.557,8.456,1,1,4,71.851,82.888,6.309,2.253
12,21.522,63.933,24.152,1,1,6,21.480,64.217,25.483,1.362
13,96.367,15.052,14.466,1,2,6,96.984,15.208,14.794,0.716
14,89.472,42.272,17.685,1,2,6,89.711,42.304,17.164,0.575
15,2.449,67.346,27.573,1,1,4,0.000,65.713,24.509,4.248
16,82.683,88.552,19.811,1,2,6,83.574,88.791,15.021,4.877
17,24.555,76.852,6.350,1,1,4,25.721,80.733,14.428,9.038
18,83.127,6.272,24.765,1,2,6,83.809,7.044,23.800,1.411
19,16.451,37.515,9.502,1,1,6,16.311,37.741,9.078,0.501
20,69.134,17.857,11.888,1,1,4,68.847,19.441,9.515,2.867
21,0.582,26.249,12.636,1,1,5,0.000,26.312,13.908,1.401
22,10.592,63.316,11.413,1,1,4,10.643,63.576,12.246,0.874
23,72.529,65.387,12.937,1,1,5,72.689,65.934,12.416,0.772
24,86.732,63.214,24.308,1,2,6,87.183,62.701,16.489,7.849
25,34.179,54.367,5.889,1,1,6,34.184,54.447,6.107,0.232
26,99.614,24.322,7.706,1,2,6,100.000,25.135,7.962,0.936
27,7.319,25.780,22.894,1,1,4,7.105,25.583,22.779,0.313
28,69.789,12.867,11.287,1,1,4,70.840,12.113,11.837,1.406
29,42.092,66.498,13.678,1,1,6,42.053,67.230,15.905,2.345
30,58.652,83.968,21.794,1,1,5,58.835,84.104,21.752,0.232
31,36.501,44.840,11.031,1,1,6,36.522,45.137,11.227,0.356
32,10.973,20.324,8.514,1,1,4,10.793,19.743,9.264,0.966
33,31.413,31.305,17.301,1,1,5,30.368,31.613,16.997,1.131
34,97.169,77.466,23.734,1,2,6,100.000,72.866,11.355,13.507
35,75.927,59.699,27.531,1,1,5,76.067,59.741,27.377,0.212
36,68.963,50.036,2.313,1,1,6,67.102,51.379,22.646,20.463
37,48.845,21.283,3.981,1,1,6,49.012,21.000,4.447,0.570
38,50.606,78.509,8.850,1,1,5,50.859,78.864,10.530,1.735
39,76.877,52.563,4.471,1,1,4,76.962,52.128,4.465,0.443
40,96.497,40.164,8.857,1,2,6,95.557,40.782,10.808,2.252
41,84.700,12.446,22.008,1,2,6,84.679,12.804,20.527,1.523
42,18.782,39.249,6.957,1,1,6,19.198,39.128,6.429,0.683
43,84.123,39.007,29.241,1,1,4,82.850,39.138,28.937,1.315
44,62.526,69.362,15.646,1,1,5,62.412,68.891,14.906,0.885
45,30.897,39.556,28.228,1,1,6,31.055,39.754,28.380,0.296
46,20.120,98.822,22.749,1,2,6,19.678,100.000,25.405,2.939
47,35.979,64.151,11.429,1,1,5,35.663,64.144,10.666,0.826
48,38.149,50.380,0.502,1,1,6,37.240,49.704,0.000,1.239
49,49.357,97.160,8.564,1,2,6,48.995,96.568,7.640,1.156
